tradition,"전통,전통,전승"
patriotism,애국심
religious,"종교의,경건한,엄정한,수도회에속하는,신앙심깊은사람들"
conscience,양심
intellect,"지력,이해력"
culture,"문화,지적·예술적활동,그성과,사육,경작,배양균"
civilization,"문명,문명국민,문화생활,고도문명사회"
prejudice,"편견,나쁜감정,불이익"
instinct,"본능,가득찬"
privilege,"특권,특권,명예"
impulse,"추진,충격,자극,변덕,욕구"
virtue,"덕,고결,잠재능력"
vice,"범죄,악덕,부도덕,…대신에"
revolution,"혁명,격변,1회전,순환,공전주기,자전"
stimulus,"자극,자극물,침"
ambition,"큰뜻,야심"
vanity,허영심
envy,"질투,선망의대상"
jealousy,질투
fatigue,"피로,작업반,작업복,약화시키다,잡역을하다"
passion,"열정,정열,정욕,몹시좋아하는것,흥분"
famine,기근
calamity,"큰재난,참사"
individual,"개인,한단위,개체,개체의"
emotion,감동
evolution,발달
hypocrisy,"위선,위선행위"
character,"성격,품성,고결,괴짜,캐릭터,암호,문자,자체"
method,"방법,조리,체계,규칙바름"
psychology,"심리학,심리작전,심리학체계"
chivalry,기사도
literature,"문학,조사보고서"
responsibility,책임
system,"체계,조직망,통일성,질서,순서"
challenge,"도전,신청,도전장,해볼만함,항의,이의신청,걸다,…에게대답을요구하다"
monotony,"단조로움,지루함"
disgrace,"불명예,망신시키는것,욕보이다,면직하다"
luxury,사치
anachronism,"시대착오,시대에뒤진것"
conquest,"정복,극복,획득,차지한여자"
siege,"포위공격,공성기간,지위"
insight,"통찰,통찰력"
panic,"기장류,돌연한공포,허둥지둥,공황적인"
universe,"우주,은하계,성운,전인류,논의의영역"
criticism,"비평,평론문,비판철학,비난"
influence,"영향,작용,설득,세력,명망,설득력"
resistance,"저항,내성,전류저항장치"
convenience,"편의,사정,편리한설비,의식주의편리"
hardship,"곤란,결핍,고충,고충의원인"
existence,존재
fortitude,"꿋꿋함,견고함"
compromise,"타협,절충물,화해시키다,굴욕적으로양보하다"
prosperity,"번영,부유"
comfort,"위안하다,위문품,이불,생활을즐겁게해주는것,안락"
sacrifice,"산제물을바침,산제물,희생적행위,희생물,싸구려물품,그리스도의헌신,성찬"
superstition,"미신,미신적습관"
sympathy,"공감,위문"
perseverance,인내
disgust,싫음
monopoly,"전매,독차지"
species,"종,인류"
moisture,습기
solitude,"고독,외로움"
candidate,"후보자,지원자,…이될듯한사람,희망자"
environment,"환경,주위의상황,위요,둘러싸고있어영향을주는것"
destiny,"운명,운명의3여신"
hindrance,"방해,방해물,고장"
property,"재산,소유물,소유,소유본능,고유성,소도구,미발표작"
increase,"늘다,커지다,증강하다,고조시키다"
decrease,"줄다,줄다,줄이다,감소량"
courtesy,"예의,정중한행위,특별대우,우대의"
theory,"학설,법칙의체계,숙고"
medium,"수단,보존액"
principle,"원리,근본방침,행동규범,법칙,도의,원동력"
shortcoming,"결점,부족"
crisis,"위기,분리"
policy,"정책,방침,지모,보험증권"
affection,"애정,애착"
homage,경의
conceit,"자만,독단,기발한표현"
hostility,"적의,교전"
frustration,"좌절,계약의목적미달"
victory,승리
triumph,"승리,대성공,업적,승리를차지하다,이겨서좋아하다"
hatred,"증오,몹시싫음"
purpose,"목적,의도,요점"
fantasy,"상상,변덕"
struggle,"발버둥치다,격투하다,고생끝에되다,애써서나아가다"
access,"접근,입수,기억장치에입력하다"
contempt,경멸
convention,"집회,대회참가자,협약,인습,규정"
harmony,"조화,화성법"
scorn,"경멸하다,수치로여기다,조롱"
comment,"논평,해설,주석하다,논평하다"
dignity,존엄
mercy,"자비,감형"
cowardice,겁
logic,"논리학,논리학서적"
eloquence,"웅변,이성에호소하는힘"
pastime,기분전환
talent,"재능,수완,재능,인재,매력적인이성,남자친구"
misery,비참
modesty,"겸손,수줍음,적당함"
circumstance,"주위의사정,자질구레한점,세부"
quality,"질,높은신분,자격,음색"
quantity,"양,양을나타내는기호,음량,음절의장단"
commerce,"상업,통상,의견교환,상업회의소"
conception,"개념,개념작용,고안,태아"
identity,"동일함,항등함수"
legend,"전설,전설문학,설명문,전설적인물,위인전"
trick,"계교,속임수,범죄행위,환각,비열한짓,수법,묘기,기교"
wealth,"부,재산,귀중한산물,부유층"
charity,"사랑,동정,동포애,관용,구호,구호물자,자선단체"
fate,"운명,파멸,종말,운명지우다"
evidence,"증거,증언,증거물건,증인,…의증거가되다"
tension,"긴장,팽팽함,켕김,신장,팽창력,압력"
impression,"인상,감명,인쇄물,…쇄,1회의인쇄총부수,결과"
elegy,애가
strain,"잡아당기다,힘껏작용시키다,크게뜨다,종족,계통,소질,시"
bribe,"뇌물,뇌물을주다"
fame,명성
soul,",정기,정감,권화"
gratitude,감사
sin,"죄,과실,무엄한짓을하다"
crime,"죄,범죄행위,부끄러운짓"
strategy,"전략,계획"
heritage,"세습재산,대대로전해오는것,전승,태어나면서얻는권리,그리스도교도"
strife,"투쟁,경쟁,쟁의"
pollution,"오염,공해"
industry,"산업,제조업,사업,…업,경영자측"
defect,"결점,단점,흠,부족액,도망가다"
sincerity,"성실,표리가없음"
piety,경건
adolescence,"청춘기,사춘기"
phenomenon,"현상,사건,비범한인물"
account,"설명,이야기,답변,중요성,계좌,예금,외상,계정,계산서"
emphasis,"중요성,강세법,강조"
proportion,"비율,크기,큰덩치,비교,조화시키다"
rumor,"소문,평판"
faculty,"능력,수완,자력,학부의교수단,대학·고교의전교직원,의사들,허가"
worship,"예배,예배식,존경의대상"
doctrine,"교의,공식정책,원칙,교전,교전"
pity,"불쌍히여김,유감의원인"
commodity,"상품,제1차상품"
distress,"고민,고민거리,피로,조난"
discourse,"강화,설교,연설,담론,화법,연설하다,논술하다"
function,"기능,목적,관능,작용기,제전,사교적회합,함수적성질의것,함수"
fallacy,"그릇된생각,허위"
violence,"격렬,맹위,격노,폭행,부당한변경,곡해,불일치"
appetite,"식욕,좋아함"
revival,"재생,부흥,재유행,신앙부흥특별전도집회"
foundation,"창설,기초,설립물,기본금,유지기금,심,뜨개바탕"
behavior,"행동,습성,작용"
discipline,"훈련,고행,역경,…에게질서를지키게하다"
poverty,"빈곤,불모,열등,빈약"
threat,위협
menace,"협박,위험한것"
plague,"역병,저주"
capacity,"수용력,흡수력,포용력,열용량,입장,법적자격,전투능력,최대출력"
attitude,태도
merit,"장점,본안"
astronomy,천문학
despair,"절망,자포자기,일을비관적으로생각하다"
patience,인내
confidence,"신임,대담함"
enthusiasm,"열광,열중,열의"
peril,"위험,모험,위험한것,걸다"
livelihood,생계
opportunity,기회
ridicule,"비웃다,바보스러움"
liberty,"자유,해방,허가"
spirit,"정신,신,망령,기백,활동가"
traffic,"교통,교통량,운수,운임수입,부정거래,교환"
remedy,"치료,치료약,보수하다,배상하다,교정하다,제거하다"
symptom,"징후,전조"
tyranny,"전제정치,참주정치국"
prospect,"전망,경치,방위,가망이있는사람,기부할듯한사람"
credit,"신뢰,신망,진실성,지불유예기간,크레디트,대변의기입,대월계정,예금,칭찬,명예가되는것"
profit,"이익,도움이되다"
oblivion,"망각,잊기쉬움,잊혀진상태,무의식,인사불성"
constitution,"구성,골자,기질,정관,규약,율령,설립"
extent,"넓이,지역"
efficiency,능력
genius,"천재,경향,분위기"
nightmare,"악몽,공포감"
benefit,"이익,이득,구제,처참한꼴,…에게이롭다,이득을얻다"
reign,"치세,통치"
ruin,"폐허,잔해,몰락한사람,파산,몰락,타락"
factor,"요인,계수,인자,토지관리인"
vocation,"천직,성직,사명감,정신적생활"
contrast,"대조,대조법,대조적인것,정반대의물건,…와대조하여뚜렷이보이게하다"
welfare,"복지,사회복지,정부복지기관,복지원조를받는"
community,"공동사회,지역사회,집단,공통성"
faith,"신뢰,교"
propaganda,"선전,선전하는주의,포교신학교"
thrift,절약
melancholy,"우울,애수,슬픈"
temper,"기질,참기,풍조,중용,타협"
finance,"재정,재정학"
significance,"중요,취지"
suffrage,"투표,찬의,대도,응도"
rage,"대유행,…광,열의,감동,발광하다,몹시욕하다,매도하다"
thirst,갈증
infancy,"유년,유소,유년시대,유아,요람기"
adoration,숭배
insult,모욕하다
epidemic,"유행성의,보급"
analogy,"유사,유비,유추"
ethics,윤리학
analysis,"분석,분해,분석적검토,해석,분석"
labor,"노동,노동계급,괴로워하고있다"
indignation,분개
substance,"물질,재질"
slang,"속어,은어,야비한말로욕하다"
chaos,혼돈
vigor,"정력,억셈,건전한생장력"
heaven,"하늘,천국의주민"
hell,"지옥,대혼란,마굴"
shame,"부끄러움,수치심,유감된일,모욕하다"
dialect,"방언,지방사투리"
barrier,"방벽,개찰구,출발구,말뚝울타리"
barometer,"기압계,변화의징후"
glory,"영광,광휘"
generosity,"관대,대범한행위"
technology,"과학기술,공학,응용과학"
basis,"기초,원리"
biography,전기
gravity,"중력,위험,죄의무거움"
treaty,"조약,조약문"
advantage,"유리,이익,촉진하다"
vacuum,"진공,진공도,진공을이용한"
economy,"절약,효율적인사용,절약의실례,경제상태,수입,섭리,조직"
bravery,"용감,화려한빛깔,옷치장,화려한옷"
epoch,신기원
courage,용기
sphere,"구체,구형,혹성,지구의,영역,둘러싸다"
achievement,달성
biology,"생물학,생태학,생물학책,생태"
recreation,휴양
gravitation,중력
fury,"격노,격렬,복수의3여신,원령"
behalf,"이익,원조"
generalization,"일반화,일반론"
damage,손해
horizon,"지평선,전망"
degree,"정도,단계,범죄의등급,도,차"
folly,"어리석음,어리석은투자,그런여자가나오는시사풍자극"
heredity,"유전,유전적형질,전통"
describe,"묘사하다,…징후이다,그리다,어떤도형을그리며운행하다"
declare,"선언하다,선고하다,으뜸패로선언하다,주장을진술하다"
approve,찬성하다
recommend,"추천하다,제시하다"
reconcile,화해시키다
contribute,"기부하다,한도움이되다"
distribute,"분배하다,배포하다,유통시키다,분포되다"
extinguish,"끄다,소멸시키다"
survive,"살아남다,잔존하다,아랑곳하지않다"
contrast,"대조,대조법,대조적인것,정반대의물건,…와대조하여뚜렷이보이게하다"
invade,"침략하다,퍼지다,대거몰려오다"
upset,"뒤엎다,…의정신을못차리게하다"
accomplish,"이루다,끝내다,달하다"
violate,"위배하다,저버리다"
stride,"큰걸음으로걷다,보조"
forbear,"삼가다,참다"
calculate,"계산하다,계산해내다,어림잡다"
blame,나무라다
plow,"쟁기,쟁기비슷한것,제설기,배장기,개탕대패,농업,경작지,북두칠성,경작에적합하다,힘들여읽다"
grasp,"붙잡다,끌어안다,잡다"
stumble,"발부리가걸리다,죄를짓다,막히다,보행불능"
require,"필요로하다,…할필요가있다,…을명하다,…을요청하다,들다,필요하다"
cancel,"취소하다,해제"
deceive,"속이다,현혹시키다,…을속여서…하게하다,배반하다"
combine,"결합시키다,합병시키다,연합하다,합병하다,연합"
relate,"이야기하다,…사이의관계를설명하다,가리키다"
arrest,"체포하다,검거하다,억류,구인장치,압류"
embody,"구체화하다,편성하다"
select,"고르다,발탁하다,뽑다,정선한,발췌한"
persist,"고집하다,존속하다"
tremble,"떨리다,떨다,떨리는목소리로말하다"
isolate,"고립시키다,분리하다,격리집단"
desert,"사막,황야,불모지대,버리다,탈주하다,없어지다,지워지다,탈영하다"
establish,"설립하다,성립시키다,정하다"
vary,"바꾸다,다르다"
investigate,조사하다
vanish,사라지다
lament,슬퍼하다
stretch,"잡아늘이다,깔다,부설하다,힘껏사용하다"
starve,"굶어죽다,몹시배고프다,굶겨죽이다,…에게갈망하게하다"
generate,"일으키다,생겨나다,발생하다"
reform,"개정하다,교정하다,제거"
possess,"소유하다,점유하다,지배하다,움직이게만들다"
devote,"바치다,봉납하다"
tend,"돌보다,경향이있다,쉽다"
pursue,"쫓다,따라다니다,속행하다"
attach,"붙이다,압류하다,부수하다,소속되다"
perish,"죽다,사라지다,붕괴하다,썩다,부패하다,죽게하다"
dispose,배치하다
quit,"그만두다,놓다,사직하다"
secure,"안전한,무너지지않는,단단하게잠긴"
reveal,"문설주,창틀,드러내다,밝히다,폭로"
persuade,"설득하다,겨우얻어내다"
gaze,뚫어지게보다
restore,"복구하다,원형복구하다"
heal,고치다
acquire,"취득하다,몸에익히다,불법으로손에넣다"
halt,"멈추다,정지하다,주둔하다,끝내다,쉬게하다,멈춤,주둔,주저하다,망설이다,머뭇거리며말하다,의아해하다,논리가일관되지않다,절뚝거리다"
maintain,지속하다
mourn,"슬퍼하다,애도하다,애도하다,슬퍼하며말하다"
suspect,짐작하다
grumble,"투덜거리다,불평"
entertain,즐겁게하다
utilize,이용하다
convert,"변하게하다,횡령하다,전환하다,태환하다,환산하다,원금에가산하다"
despise,"경멸하다,혐오하다"
commence,"개시하다,개업하다"
consume,"소비하다,낭비하다"
assimilate,"자기것으로흡수하다,소화하다,동질이되다,동화되다"
impose,"지우다,편승하다,강요하다"
encounter,"만나다,경기"
release,"석방하다,투하하다,면제하다,발매하다,발표하다"
specialize,"특수화하다,전문화하다,전문으로삼다"
respond,"대답하다,대응주,붙임기둥"
soar,"높이치솟다,하늘을날다,폭등하다"
comprehend,이해하다
detect,"발견하다,간파하다,검출하다"
qualify,"…에게자격을주다,적임으로하다,법적권능을부여하다,수정하다,…의뜻을한정하다"
decorate,"장식하다,페인트를칠하다"
accelerate,"속력을빠르게하다,촉진하다"
betray,"팔다,저버리다,드러내다"
dominate,"지배하다,특징지우다"
preserve,"보호하다,유지하다,모아두다,잃지않다,간수해두다,소금에절이다,통조림하다,저장하다"
entreat,간청하다
lack,부족
interrupt,"가로막다,도중에서방해하다,중단하다,일시적으로중단하다,방해"
surpass,"…보다낫다,너무…하여할수없다"
render,"…을…하게하다,드리다,내리다"
export,"수출하다,밖으로전하다,수출액"
fulfil,"다하다,끝내다,완수하다,성취시키다,채우다"
inspect,면밀하게살피다
indulge,빠지다
prevail,우세하다
adjust,"조절하다,조정하다,조정하다"
estimate,견적
compensate,"보상하다,보수를치르다"
restrain,억제하다
appreciate,"진가를인정하다,높이평가하다,감상하다,통찰하다"
insist,"강요하다,조르다,역설하다,강요하다"
acknowledge,"인정하다,승인하다,답하다"
distinguish,"구별하다,구분하다,…의차이를나타내다"
involve,"포함하다,뜻하다,밀접한관계가되다"
intrude,억지로들이닥치다
torment,"고통,귀찮은것,고문도구,고문의고통"
exhaust,"다써버리다,비우다,내용물을비우다,소모하다,배기가스,배기장치"
endure,"참다,지속하다"
hesitate,"주저하다,꺼리다"
substitute,"대리를시키다,보결선수,대역,대용품"
prohibit,"금하다,금하다,불가능하게하다"
forbid,"금하다,불가능하게하다"
display,"전시하다,발휘하다,과시하다,표시되다,전시품,표명,표현"
concentrate,"집중하다,모으다,농축사료,정광"
yearn,"동경하다,그리워하다"
forsake,"저버리다,단념하다"
endeavor,노력
soothe,"달래다,위로하다"
congratulate,축하하다
confuse,혼동하다
improve,"개선하다,증진하다"
diffuse,"흐트러뜨리다,발산하다,두루베풀다,확산하다,산만한"
alter,"변경하다,개조하다,난소를제거하다,일변하다,늙다"
speculate,"사색하다,추측하다,투기매매하다"
recover,"되찾다,찾아내다,받다,되찾다,재생시키다"
urge,"몰아대다,열심히권하다,격려하다"
command,"명령하다,요구하다,마음대로하다,내려다보다"
warn,"경고하다,예고하다"
transport,"수송하다,어쩔줄모르게하다,수송기관,여객기,추방자"
ignore,"무시하다,기각하다"
conceal,"숨기다,비밀로하다"
utter,"입밖에내다,발언하다,발음하다,언명하다,퍼뜨리다,전적인"
flatter,"아첨하다,추켜세워서…시키다,납작하게만드는사람"
absorb,"흡수하다,흡수병합하다,받다"
yield,"산출하다,초래하다,굴복하다,포기하다,열매가맺히다"
meditate,"꾀하다,숙고하다"
perform,"이행하다,수행하다,성취하다,연주하다,타다"
embarrass,어리둥절하게하다
reproach,"비난하다,꾸짖다,수치가되는것"
bewilder,당황하게하다
overcome,"이기다,압도하다,무기력하게하다"
assert,"단언하다,고집하다,저절로밝혀지다"
recognize,"인정하다,인가하다,인사하다"
admit,"들이다,입장을허락하다,허락하다,부여하다,인정하다,승인하다"
persecute,"박해하다,혹사하다"
launch,"진수시키다,시장에내다,출판하다,발사하다,날려보내다,론치"
pretend,"…인체하다,주장하다"
circulate,"순환하다,부지런히돌아다니다,퍼지다,유통하다,돌리다"
contemplate,"심사숙고하다,묵상하다,몽상하다,명상하다"
cope,"대항하다,대처하다,…와접촉하다,만들다"
adapt,"적응시키다,개작하다,익숙해지다"
alarm,"놀람,자명종,놀라게하다,경보기를설치하다"
adopt,"채용하다,받아들이다,차용하다,으로받아들이다"
submit,"복종시키다,기탁하다,맡기다,감수하다,받다"
convince,확신시키다
repent,"포복성의,후회하다"
predict,예언하다
avoid,피하다
boast,"자랑하다,호언장담하다,자랑하다,가지다,자랑이야기,대강다듬다"
participate,참여하다
abolish,폐지하다
attribute,"…에귀착시키다,…의덕분으로돌리다,것으로하다,한정사,속성"
survey,"바라보다,이리저리뜯어보다,살펴보다"
invest,"투자하다,부여하다,돈을쓰다"
seek,"찾다,조사하다,찾아내다"
communicate,"전달하다,전하다,통신하다"
perplex,"난처하게하다,정신을못차리게하다"
broadcast,"방송하다,제공하다,방송에나오다,스폰서가되다,방송업계,방송프로,방송시간"
reject,"거절하다,불합격자"
vex,초조하게하다
overlook,"못보고지나치다,…보다높은데있다,검열하다"
reinforce,"강화하다,보충하다,증진하다"
accuse,"고발하다,비난하다"
restrict,제한하다
attain,달성하다
cherish,"소중히하다,고이간직하다"
suspend,"매달다,통하지않게하다,정직시키다"
inherit,"상속하다,계승하다"
bestow,주다
undertake,"맡다,기도하다,보증하다"
include,"…을포함하다,계산하다"
exclude,"못들어오게하다,제외하다"
justify,옳다고하다
annoy,"성가시게굴다,굴욕감을느끼게하다,불쾌한짓을하다"
esteem,"존경하다,중하게여기다,평가"
cure,"별난사람,치료하다,해결하다,건조시키다,낫다,경화되다"
resign,"사임하다,버리다,파기하다,따르다"
accurate,"정확한,정밀한"
rational,"이성이있는,도리를아는자"
literate,"글을읽고쓸줄아는,박식한,유식한사람"
conservative,"보수적인,방부제"
radical,"근본적인,극단적인,근호의,무리함수의"
pure,"순수한,맑은,순정의,고결한,품위있는"
queer,"기묘한,현기증나는,머리가돈,쓸모없는,가짜의"
sane,"제정신의,사리분별이있는"
genuine,진짜의
vague,막연한
entire,"전체의,시종일관한"
absurd,불합리한
lonely,"고독한,인적이드문"
savage,"A야만적인,사나운"
nuclear,"핵의,주요한"
obscure,"분명치않은,세상에알려지지않은,흐린,어둠에싸인"
intricate,"얽힌,난해한"
mortal,"죽어야할운명의,죽음에관한,이세상의,생명을건"
vivid,생생한
arrogant,거만한
exotic,"이국적인,색다른,이국적인취미"
extreme,"극도의,극도,양극단의한쪽,양극단,극단적인수단"
imperative,"피할수없는,필수적인,위엄있는,필요,명령법의동사,명령형"
mature,"익은,숙성한,원숙한,현명한,신중한,익히다"
tight,"단단한,굳은,갈라진틈이없는,가득찬,꽉짜인,극단적으로압축된"
adequate,충분한
dissolute,"방종한,방탕한"
mutual,"서로의,서로관계있는"
splendid,"화려한,당당한,눈부신,근사한"
timid,"겁많은,두려워하는,결단력이부족한"
durable,"영속성있는,오래견디는"
conspicuous,"눈에띄는,저명한"
brisk,"활발한,번창하는"
primitive,"원시의,태고의,야만의,유치한,원색의"
superficial,"표면의,피상적인"
brilliant,빛나는
conscious,의식하고있는
abstract,"추상적인,관념적인,추상개념,추출하다"
concrete,"구체적인,명확한,구체명사"
profound,"깊은,뜻깊은,의미심장한,충분한,깊은속마음"
supreme,"최고의,최고의상태"
trivial,"하찮은,사소한"
apparent,또렷이보이는
thorough,"철저한,절대적인,철저한탄압정책"
athletic,"경기의,체육의,운동선수용의,발랄한"
absolute,절대적인
meager,"메마른,불충분한,풍부하지못한,부적격한"
ultimate,"최후의,최고의"
initial,"처음의,첫글자"
solemn,"엄숙한,격식차린"
notorious,유명한
sublime,"장엄한,절정"
immemorial,사람의기억에없는
constructive,"건설적인,추정적인"
destructive,"파괴적인,부정적인"
temporary,"일시적인,임시고용인"
contemporary,"같은시대의,현대인,동년배의사람"
aloof,떨어져서
indispensable,없어서는안되는
juvenile,"소년의,소년에알맞은,유치한,어린이역"
abnormal,"비정상의,변칙의,정상이상의"
external,"외부의,외용의,피부용의,형식상의"
rare,"드문,매우재미있는,매우큰,설익은"
main,"주된,주요부를이루는,망망대해,정맥에주사하다,부름수"
complex,"복잡한,〈문장이〉복합의"
bold,"대담한,도전적인,굵은"
crude,"천연그대로의,생짜의,소화가안된,초기인,원유"
polite,"공손한,상류의"
current,"지금의,습관적인,조류,해류"
severe,"엄한,호된,비판적인,가혹한,용서없는,엄숙한"
remote,"먼,외딴,혈족관계가먼,동떨어진"
deliberate,"신중한,숙의하다,심의하다"
separate,"가르다,이간하다,추출하다,분산시키다,분리하여생각하다"
physical,"육체의,물질의,형이하의,몸을만지기좋아하는"
eternal,"영원한,불후의"
unique,"유일한,비길바없는"
transparent,"투명한,비쳐보이는"
swift,"빠른,즉석에서의,짧은,관칼새"
surplus,"나머지,과잉,잉여농산물,잉여의"
obstinate,"완고한,난치의"
stubborn,"완고한,좀처럼낫지않는,잘녹지않는"
dense,"밀집한,농밀한,농후한,불투명한,지독한"
familiar,"잘알려진,통속적인"
shrewd,"예민한,영리한,영리해보이는,불길한"
remarkable,"주목할만한,두드러진,이상한"
punctual,"시간을잘지키는,…을꼭지키는"
terrible,무서운
rude,"버릇없는,미개의,격렬한"
earnest,"진지한,열렬한,계약금"
typical,"전형적인,특징을나타내는"
sole,"서대기,발바닥,밑판,썰매의밑면,골프채의밑바닥,화로받침판,대패의바닥,보습의밑바닥"
fundamental,"기본적인,A타고난,필수의,기본의,원리"
intense,"강렬한,일사불란한,매우짙은"
essential,"A본질적인,없어서는안될,주요점"
distinct,"별개의,독특한,명확한,여러가지색깔의,눈에띄는"
particular,"A특별한,특정한,각자의,각별한,까다로운,특수적인"
subtle,"미묘한,포착하기어려운,불가사의한,이해하기어려운,미세한,엷게퍼지는,마음놓을수없는,잠재성인"
ordinary,"평상의,보통이하의,수수한,예사,보통의상태"
vulgar,"상스러운,저속한,일반의,널리알려진,자국어의"
preferable,오히려나은
strict,엄한
naked,벌거벗은
feminine,"여자의,여성다운,상냥한,여성형"
deficient,"부족한,불완전한,투미한"
tender,"부드러운,섬세한,약한,친절한,돌보는사람,지키는사람,보급정비함,급수기"
incurable,"불치의,구제불능자"
infinite,"무한한,무량의"
irresistible,"저항할수없는,억누를수없는,뇌쇄적인"
barren,"불모의,열매를맺지않는,초라한,무력한"
annual,"1년의,한해한번씩의"
precise,"정확한,명확한"
native,"출생지의,토박이의,모국어를하는"
constant,"불변의,P끝까지지키는,상수,율,정항,필수기초과목"
concise,간결한
moral,"A도덕의,순결한,격언,우화극"
delicate,"섬세한,우아한,아름다운,정교한,예민한,까다로운"
ambiguous,"두가지뜻으로해석할수있는,다의의,분명하지않은,확실치않은"
neutral,"중립의,중립국의,이도저도아닌,중립자"
sacred,"신성한,신성시되는"
resolute,"굳게결심한,단호한,의연한,…할결의인"
instructive,교육적인
unanimous,합의의
decent,맞는
legal,법률의
ancient,"고대의,고덕의"
precious,"귀중한,고귀한,사랑하는,훌륭한,대단한,엄청난"
stern,"엄격한,가혹한,험한,고물,엉덩이,이리꼬리"
education,"교육,사육"
prey,먹이
tumult,소란
surrender,"넘겨주다,인도하다,내주다,자수하다,양보하다,자수하다,양도"
reputation,평판
landscape,풍경
posterity,자손
offspring,"자식,자손"
growth,"성장,종양,생산"
orbit,"궤도,행로,세력권,안구공,눈,발사하여궤도에올리다,궤도를그리며돌다"
channel,"현측계류판,수로,가항수로,항로,주파수대,마약경로,전달루트,경로,암거,수관,분야,유상"
ancestor,조상
justice,"정의,공정,공평,치안판사,고등법원판사"
theme,"주제,화제,주제음악"
routine,"판에박힌일,차례,일정한일련의댄스스텝"
protest,"항의하다,단언하다,증언하다,지불을거절하다"
tendency,경향
prophecy,"예언,예언능력,신의의전달"
career,"직업,진전,생애의,재빨리움직이게하다"
advertisement,광고
role,배역
origin,"기원,원인,수원"
process,"과정,변천,작용,배경을이어맞추는영화수법,줄지어가다"
agriculture,"농업,농학"
skyscraper,마천루
nuisance,폐
vote,"투표,투표방법,투표용지,의결권,표밭,의결액"
spur,"박차,동기,가시,돌출부,며느리발톱,아이젠"
average,"평균,평균치,평균선에이르다"
category,범주
doom,운명
utility,"유용,효용,공리,공익사업체,최대다수의최대행복"
slavery,"군침흘리는,노예의신세"
antipathy,반감
caution,"조심,희한한사람,보증서,훈계하다"
reaction,"반작용,반항,상호작용,반작용,핵반응"
atmosphere,"대기,가스체"
satellite,"위성,인공위성,위성도시,아부자,식객,종속된"
sage,"샐비어,슬기로운,사려깊은,점잔빼는,경험이풍부한현자"
excess,"초과,과다,과도,폭음,지나친행위"
architecture,건축
prose,"산문,산문체,무미건조한이야기,산문으로옮기다"
temperature,온도
purchase,"사다,구입물,가치"
oracle,"신탁,신탁소,성경,현인"
heir,"상속인,후사"
applause,"박수,칭찬"
anarchy,무정부상태
scrutiny,"정밀한조사,뚫어지게보기"
sculpture,조각
notion,"관념,의견,이해,변덕"
diplomacy,"외교,외교적수완,절충의재능"
decade,"10년간,10권"
witness,"목격자,증명,증언하다,…을나타내다"
thermometer,온도계
usage,"관습,관습,언어용법,사용량,대우"
institution,"학회,그건물,법령,제정,성직수임"
exertion,"노력,매우힘든일"
feature,"특징,주안점,얼굴의어느한부분,용모,볼거리,장편영화"
disguise,"변장시키다,분장,가면,가장복,구실"
congress,"국회,회기"
germ,"세균,기원,생식세포"
algebra,대수
geometry,"기하학,기하학연구,평면도형,외형"
sojourn,"묵다,체재하다"
expedition,"원정,여행"
definition,"한정,명확"
issue,"발행물,발행부수,발행,하구,유출물,논쟁"
conflict,"투쟁,알력,극적대립"
disaster,"재해,불행,실패작,엉망진창인것"
focus,"초점,초점정합,진원,초점을맞추다,분명하게맞추다,집중하다"
budget,"예산,가계"
intercourse,교제
ceremony,"의식,격식차림"
regret,"유감,후회,애도"
enterprise,"기획,계획,모험적인사업,기업경영"
ravage,"파괴,파괴의맹위,…을상하게하다"
tragedy,"비극,비극,비극의여신,비극적사건"
miser,구두쇠
muscle,"근,영역을침범하다"
unemployment,"실직,실업률"
arithmetic,"산수,산수책,계산"
skill,"솜씨,숙련,익숙함,문제가되다,도움이되다"
instrument,"기계,매개"
equator,적도
structure,구조
mode,"방법,음계,유행"
aristocracy,"귀족정치,귀족정치의나라,상류계급"
wage,"임금,급료"
zeal,열심
trial,"n.,공판,어려운상황"
burden,"반복구,장단맞추는노래,무거운짐,짐나르기,부담"
tribe,"부족,패거리"
realm,"왕국,국토,권"
fright,"공포,소스라쳐놀람"
demand,"요구하다,묻다,청구"
supply,"공급하다,공급하다,충족하다,나긋나긋하게,온순하게"
intelligence,"지능,정보수집"
frame,"창틀,틀,테,테두리,테두리틀,자수틀,세광반,식자대,프레임,체격,여자의몸매,차체,늑재,회,한게임"
hobby,"새호리기,취미,장기"
source,원천
twilight,"여명,어스름,중간상태"
fever,"열,열광,흥분시키다,열망하다"
relief,"제거,원조물자,기분전환거리,교체자,부조"
refuge,"피난,보호,안전지대,핑계"
experiment,"실험,해봄"
expense,"지출,수당"
reliance,신뢰
grief,"큰슬픔,고통"
effect,"결과,효력,효험,의성음발음기,감명,효과,물품,개인자산"
scope,"스코프,범위,시야,지역"
habit,"관습,경향,의복"
defense,"방어,방어시설,수비,변호,피고측"
aviation,"비행,비행술,항공기산업"
navigation,항해
resource,"자원,원천"
cruelty,잔학
negligence,"태만,부주의,무관심,과실"
bliss,더없는기쁨
delay,"늦추다,시간이걸리다,유예"
contact,"접촉,연락,연고,상접,접전,지상관찰,교신"
poison,"독,해로운주의,독살하다"
awe,외경
nutrition,"영양물섭취,영양,영양물"
obligation,"의무,양심의명령,채무증서,채무"
reward,"보수,보답하다"
peer,"동등한사람,동배,대등한사람,상원의원,자세히들여다보다"
controversy,"논쟁,논전"
material,"재료,인재,유형의"
nationality,"국적,선적,국민성,국가적독립,국가"
majority,대부분
personality,"개성,인격,인간적매력,자기,인간임,명사"
region,"지방,지대,영역"
clue,"실마리,단서,퍼즐의열쇠,실마리,도표"
parliament,"의회,하원,국회회기"
government,"정치,이사회,지배"
oath,"맹세,서언,선서,공식적인진술,단언,모독적인표현,욕설"
revenue,"세입,수입의출처,수입항목"
explanation,"설명,해석,해명,설명이되는말,화해"
minister,"성직자,비국교파목사,외교사절"
obstacle,장애
majesty,"위엄,장엄,폐하"
globe,"구,천체,지구의"
pressure,"누르기,밀어닥침,압도,전압,압박감,곤경"
standpoint,"견지,보기위해서있는장소"
monument,"기념비,비길데없는것"
opponent,"적수,길항적인"
fiction,소설
detail,"세부,지엽적인일,상세한설명,상세,상세도,특별임무,열거하다"
solution,"해결,해법,해답,붕해"
maximum,"최대한,극대의"
communism,"공산주의,공산주의이론"
tide,"일어나다,조수,간만,홍수,바다,해수,최악기,…절,교구의축제일,휴일"
honesty,"정직,공평"
brute,"짐승,지겨운놈,육욕의,야만적인"
beast,"짐승,그리스도의적,육우"
inspiration,"영감,영감에의한착상,신통한생각,격려가되는사람"
harm,"해,불편"
taste,"미각,멋,조심,기미"
independence,"독립,독립심"
engagement,"약속,고용기간"
rank,"계급,고위,상류사회,횡렬,횡대로줄지은병사,군대,하사관,무성한,맛이고약한,부패한,지독한"
glacier,빙하
prairie,"대초원,소택지"
cradle,"요람,요람지,수화기대,선가,진수대,이동대,포가,와인받침,틀을덧댄낫"
incident,"일어난일,우발적사건"
disillusion,"…의환영을깨우치다,환멸"
election,"선거,선정,선임,당선"
gesture,"기미,몸짓으로신호하다"
warfare,전쟁
adventure,"모험,모험심,모험,감히말하다"
resort,"의지하다,잘가다,많은사람의모임"
situation,"위치,집터"
emigrant,"이민,이민의"
historian,"역사가,연대기편자"
creature,"창조물,마소,노예,정체불명의생물"
victim,"희생자,봉"
delight,"기쁨,즐거움,즐기게하다,…에게즐거움이되다"
decay,"부식하다,벌레먹다,타락하다,썩게하다,쇠미,충치,자연붕괴,감속"
admiral,해군대장
colony,"식민지,동부13주의영국식민지,식민도시,정복식민지,…인거리,그주민,콜로니"
philosophy,"철학,냉정,달관,인생철학,주의"
treasure,"보물,금은,귀여운너,간수해두다"
admiration,감탄
flesh,"살,살집,짐승고기,육체,육친,수성,생물,피부색,실지로시험해보다"
conduct,"행위,호송,실시,각색,처신하다"
aspect,"양상,태도,별의상"
anniversary,"기념일,기념제,주년제,해마다의,연제의"
laboratory,"실험실,화약제조소"
cell,"셀,작은방,감방,구멍,반,작은공동,묘"
area,"범위,부분,행정구획,연구분야,평수"
symbol,상징
assent,"동의하다,양보하다,인정,묵인,굴종"
manuscript,"원고,사본의"
mechanism,"기계장치,기계작용"
scent,"냄새,향내,단서,직각력,냄새를맡아내다"
donation,"기부,기증물"
miracle,기적
continent,"자제심있는,대륙,육지,본토,북미대륙"
horror,공포
essay,"수필,소론,평론,시험하다"
armament,군비
fable,"우화,객쩍은이야기,꾸며내다"
maxim,"격언,처세훈"
perspective,"원근법,원근도,내다보는힘,시각"
income,수입
fortune,"부,재산,번영"
aid,"돕다,원조,구원"
fuel,"연료,식량,동력에너지원,야기시키는것,약오르게하다"
sigh,"한숨쉬다,애석해하다,탄식,산들거리는소리"
furniture,"가구,장비품,의장용구,내용"
shelter,"피난처,은신처,오두막,대합실,수용소,피난"
view,"봄,전망도"
navy,해군
inability,"무능,…할수없음"
territory,"영토,속령,영역,관할구역,텃세권,경기장의수비구역"
imitation,"모방,모조,위조품,모방작"
alternative,"둘중에서의선택,선언적인"
foliage,"잎,군엽"
preface,"서문,시작하다"
review,"평론,평론잡지,관찰,연습문제,열병"
mischief,"장난,까붊,장난꾸러기,손해,악영향,고장"
departure,"출발,발차,경선거리"
surface,"표면,외부,평면,첫인상,갱외의"
funeral,"장례의,장의행렬,고별식,죽음"
ignorance,"무지,무학,부지"
popularity,"인기,유행,서민성"
pace,"걸음걸이,속도,측대속보,왔다갔다하다,…에게는실례지만"
merchandise,"상품,재고품,광고선전하다"
space,",공간의,우주탐사용의,구분하다"
predecessor,"전임자,선배"
soil,"더럽히다,타락,때,생초를먹여살찌게하다"
hospitality,"환대,접대용의"
trait,"특성,기미,소량"
traitor,반역자
puzzle,수수께끼
riddle,"수수께끼,알수없는것,수수께끼를걸다,어레미"
solace,위안
vision,"시력,시야,관찰,미래상,선견지명,환각"
treachery,"배반,배반행위,불안정한것"
pasture,"목장,목장으로쓰다"
renown,명성
vessel,배
specimen,"견본,예"
trace,"봇줄,자취,흔적,증적,영향,스케치"
slumber,"자다,선잠자다,선잠"
harvest,"수확,채취,수확량,채취하다"
tact,"재치,재주,촉각"
element,"요소,전극,폭풍우,고유한활동,최소단위의편대,초보"
pang,격통
flaw,"돌풍,흠,흠가게하다,무효화하다"
riot,"폭동,분방,한바탕웃을만한일,떠들다"
folk,"사람들,양친"
temperance,"절제,자제"
garbage,음식찌꺼기
mob,"폭도,군중,민중,폭력단,떼지어환호하다"
adult,"어른의,성인용의,성인이된,성년자"
temperament,기질
expansion,"확장,발전,확대,거래의확장,영토확장,신장"
output,"생산,냄,산출량,채광물,생산품,출력,수확,출력하다"
glance,"흘긋봄,눈짓,빗대어빈정거리는말,대강훑어보다,휘광"
vein,정맥
conclusion,"결말,끝,종국,결정,결론,최종변론"
revolt,반란
pessimistic,비관적인
reverie,"몽상,공상,백일몽"
mixture,"혼합,혼합가스"
outcome,"결과,과정,성과"
expert,"숙련가,전문가,상급사수,전문가로서연구하다"
project,"계획,자습과제,추정하다,상상하다"
consequence,"결과,영향,사회적중요성,결론,위엄"
rapture,광희
pioneer,"개척자,선구자,개설하다,솔선하다,지도하다"
revenge,"복수,보복,설욕의기회"
amount,"총액,원리합계,도달하다"
repose,"두다,휴식,수면,휴양,침착,영면하다"
author,"저자,입안자,기초자,창시하다"
audience,"청중,관중,청취자,독자,청취의기회"
throne,"왕좌,왕위,국왕,하느님의자리"
outlook,"조망,가능성,시야,개관,망보는곳,망보는사람,노려보다"
expression,"표현,말씨,발상,발현"
benefactor,"은혜를베푸는사람,기부자"
suburb,교외
apology,사과
proposal,"신청,제안,계획"
phase,"상,측면"
male,"남자,수컷,웅성식물,수컷의"
relish,"맛,독특한맛,맛보기,감상,기호,기미,기쁘게생각하다"
motive,"동기,진의,운동의"
summary,"요약,적요,간략한"
plot,"음모,책략,작당하다,작은구획의땅,좌표에따라정하다,점을이어그리다"
relic,"유물,시대에뒤떨어진사람"
bronze,"청동,햇볕에태우다"
status,"지위,높은지위,신분"
mystery,"직업,신비,비밀,호기심을북돋우는사람,신비적사건"
treason,반역
trifle,"하찮은것,소곡,그것으로만든물건,경시하다"
trend,경향
spectacle,"광경,쇼"
statue,상
cliff,낭떠러지
trap,"휴대품,세간,성장시키다,발판"
sermon,설교
imagination,"상상,상상력,감상력,상상의산물"
omen,"전조,예시하다"
diameter,지름
effort,"노력,운동,훌륭한연설"
adversity,역경
snare,"덫,실패의원인"
satisfaction,"만족,소원성취"
estate,"소유지,재산권"
orator,"연설자,웅변가"
plea,"탄원,기도,답변,소송"
meadow,목초지
shortage,부족
activity,"활동,활동범위,정상적인움직임"
stage,"단계,배우업"
decree,"법령,결의,교령집,계율,판결을내리다"
myth,신화
hazard,"위험,모험,위험요소,불확실함,운에맡기고해보기"
pattern,"무늬,종이본,과녁위의탄환자국"
fluid,"유동성의,수분"
union,"결합,병합,부부관계,융화,구빈원,연합교회,영국국기"
disciple,문하생
playwright,각본작가
truce,휴전
cave,"경계,동굴,종유동,함몰시키다"
feat,"적당한,교묘한,위업,공"
forest,숲
friction,마찰
digestion,"소화,동화흡수,동화력,침지"
verse,"운문,…에정통하다"
counsel,"상담,의도,권고하다"
token,"표,특징,표시,증거품,메달,식권,서적구입권,현현"
value,"가치,유용성,대가,가격평가"
flavor,"풍미,향미료"
transition,"변천,전조,장면전환,전이"
pause,"중단하다,잠시멈추다,기다리다,주저하다"
heathen,"이방인,이방인들,이교도들,이교도,미개인,교양이없는사람,미개의"
worth,"일어나다,…의가치가있는"
heretic,"이교도,이설을주창하는사람"
fund,"기금,예금,소지금"
bait,"미끼를달다,곯리다"
range,"열,잇닿음,분포구역,서식기,물의깊이,시계,지식범위"
orientation,"적응,적응지도,오리엔테이션,동쪽을찾아내기,방위측정,지향,상황판단,태도,정위"
elegance,우아
masterpiece,걸작
stature,"키,사물의높이,재능,달성"
retort,"레토르트,반박하다,보복하다,말대꾸하다,반박"
metropolis,"주요도시,수도"
layer,"층,계획자"
volume,"책,권,권,용적,…고"
testimony,"증언,증거,증거판"
haven,항구
research,연구
spot,"반점,점,나올차례"
seed,"씨,괴경,어정"
drudgery,천역
reverence,"경외하는마음,경의,경례"
summit,정상
crust,"빵껍질,굳어진빵한조각,양식,갑각,지각,얼어붙은눈의표면,버캐,때,겉치레"
boss,"n.,암소"
agony,"심한고통,몸부림"
wisdom,"현명,분별"
propriety,"예의바름,예의,적당"
physics,"n.pl.물리학,물리적현상"
timber,"모피의한묶음,재목,숲,조선용목재,다리"
planet,"행성,사제가입는소매없는제복"
design,"디자인,무늬,구조,설계하다"
lung,폐
leisure,"자유시간,레저용의"
organization,"조직,계통화,질서,유기적구조,관리기관,경영진"
republic,"공화국,공화정체"
prosecution,"기소,속행"
torture,고문
cottage,"시골집,작은주택,작은별장"
castle,"성,요새의핵심부,더블린성,성장말로왕을지키다"
conference,"협의,경기연맹"
tomb,"무덤,납골당"
fault,"결점,비행,위반,장애,누전"
magic,"마법,불가사의한힘,매력,마법의,매력있는,요술의,굉장한"
aim,"겨누다,빗대어말하다"
sword,검
risk,"위험,모험,보험금,피보험자,위험분자,모험하다"
tool,"연장,공작기계,그압형,압형하다"
weapon,"무기,공격기관"
vehicle,"탈것,부형약"
peculiarity,특색
contest,"경쟁,다툼,경쟁하다"
favor,"호의,청,우세,유리,기념품,회원장,몸을허락하는것"
mankind,"인류,인간"
draft,"밑그림,초안,설계도,통풍,통풍장소,마시는양,흡인,한번의공기,떼에서분리한가축무리"
bomb,"폭탄,원자폭탄,분무기,대성공"
nerve,"신경,기력,체력,겁,우울,신경과민증,미묘한점,신경"
chemistry,화학
addition,"추가,증축부분,늘어난토지"
measure,"재다,…의치수를재다,재서꺼내다,판단하다,…의척도가되다"
vogue,"유행,유행품"
reserve,"남겨두다,삼가다,제외하다"
occasion,"경우,제전,적당한때,필수품"
dictator,"독재자,으스대는사람"
curiosity,호기심
disorder,"무질서,난잡,병,탈나게하다,장애를일으키다"
cast,"던지다,내던지다,던지다,던지다,던지다,던져내리다,던지다,던지다,걸다,기울이다,퍼붓다,주다"
cancer,암
well-being,행복
chamber,"방,침실,알현실,응접실,판사실,재판관집무실,변호사사무실,독신자용셋방,의원,회의소,실"
devil,"악마,마왕,정력가,다루기힘든사람"
barbarian,"야만인,야만스러운사람,교양없는"
stuff,"물질,위스키,본질"
scheme,"계획,사업계획,배합,일람표,요강"
legislation,"법률제정,법률"
symmetry,"대칭,균형미,균정,대칭"
pomp,"화려,허식적인것,화려한것"
antiquity,"낡음,시대에뒤떨어진사람,고사"
malice,악의
multitude,다수
bent,"BEND의과거·과거분사,변태의,미친,도둑맞은,동성애의,화가난,취한"
creed,"신경,사도신경"
procedure,"순서,진행,절차,수속,소송절차,처리"
standard,"표준,도덕적규범,군기문양"
boredom,"지루함,지루한일"
device,"장치,고안품,폭발물,책략"
greed,"탐욕,대식"
contagion,"접촉전염,악영향"
satire,"풍자,풍자작품"
hypothesis,"가설,단순한추측"
proposition,"제안,일,주제,명제"
perfume,"향수,향기로채우다"
miniature,"축소모형,축소물,소화상,세밀화법"
bond,"묶는것,속박,굴레,유대,결속,동맹,보증금,공채증서,노예"
providence,"섭리,천우"
compassion,측은히여김
domain,"영토,세력범위,소유지,도메인"
caricature,풍자만화
anguish,"격통,괴롭히다"
facility,"설비,기지,편의"
hygiene,"위생,건강법"
conspiracy,"음모,음모단,결탁"
accordance,일치
ecstasy,"무아경,환희"
censure,"비난,견책결의,견해,혹평하다"
allowance,"수당,용돈,참작"
campaign,"운동,선거운동,종군,운동을일으키다"
canal,"운하,만"
apparatus,기구
defiance,"도전,완강한반항,무시,도전"
craft,"기능,기술,수공업,공예,동업조합,프리메이슨단,비행기,우주선"
patent,"특허,표시,에나멜가죽의구두"
countenance,"표정,얼굴생김새"
pulse,"콩,맥박,고동,박자,박,의향,경향,물질의적용량,펄스,규칙적으로누르다"
implement,"도구,의복한벌,앞잡이"
insurance,보험
catastrophe,"대참사,큰재앙,파국,대실패,파멸,대단원"
accident,"사고,자동차사고,우연한일"
district,"지구,주자치구,선거구로나누다"
direction,"방향,목표,관리"
textile,"직물의,방직의,직물원료"
organ,"오르간,파이프오르간,리드오르간,장기,발성기관,기관지"
blood,"피,생혈,붉은수액,케첩,기질,혈연,가문,왕족,혈통,살인,희생,난봉꾼"
ray,"광선,시선,약간,방사상조직,지느러미줄기,가오리"
crop,"농작물,모든농작물,수확고,승마용채찍,발생"
drought,"가뭄,부족,슬럼프,목마름"
skin,"피부,수피,가죽으로만든기물,사기꾼,사람"
bone,"뼈,골질,신체,본스주자"
interest,"관심,이익관계,권리,주"
limit,"한계,제한,범위,제한하다"
haste,"급함,기민함"
bless,"축복하다,주다,정하게하다"
irritate,"무효로하다,짜증나게하다,염증을일으키다"
prolong,늘이다
postpone,연기하다
cooperate,"협력하다,협동하다"
refer,"알아보도록하다,속하는것으로하다,주목시키다"
permit,"허락하다,기회를주다,전갱이의일종"
exaggerate,"과장하다,지나치게강조하다"
emerge,"나오다,일어나다"
equip,"갖추어주다,장비하다,의장하다,채비를하다"
ornament,"꾸밈,훈장"
furnish,공급하다
advance,"나아가게하다,창도하다,선불하다,치르다"
embark,"태우다,사업에끌어넣다,배로향발하다"
flourish,"번창하다,꽃피다,잘자라다,활약하다,과시하다"
deprive,빼앗다
diminish,"줄이다,반음낮추다,끝을가늘게하다,권위를손상시키다,끝이가늘어지다"
derive,"끌어내다,…에기원을두다,추론하다,각색하다"
exchange,"교환하다,환전하다,교체하다,환전되다,주고받음,환,환시세,교환국"
rejoice,기쁘게하다
promote,"증진하다,고무하다"
nourish,"기르다,거름을주다"
inquire,묻다
ascertain,"확인하다,확정하다,규명하다"
swear,"맹세하다,단언하다,…할것을맹세하다"
celebrate,"축하하다,거행하다,종교적의식을행하다"
marvel,놀라운일
pray,"빌다,간청하다,희구하다"
reflect,"반사하다,상을비치다"
ascend,"오르다,올라가다,거슬러올라가다,저음에서고음으로연주하다"
descend,"내려가다,전해지다,낮아지다,옮아가다"
mention,"간단히말하다,이름을듦,선외가작"
quote,인용하다
occupy,"차지하다,소비하다,전념하다,빌려쓰고있다,거주하다,사용하고있다,…와교역하다"
surround,"둘러싸다,포위하다,포위하다,환경"
avail,"…에도움이되다,도움이되다,가치가있다"
preach,"설교하다,전도하다,설유하다,훈계하다,설명하다,권고하다,창도하다"
retire,"퇴직하다,식당에서응접실로물러나다,물러가다,뒤로물러나다"
argue,"논하다,논쟁하다"
graduate,졸업하다
affect,"…에영향을미치다,악영향을미치다,정동,…체하다"
unify,하나로하다
operate,"움직이다,조업하다,효과를나타내다"
condemn,"비난하다,유죄판결을내리다"
praise,"칭찬,찬양할만한사람"
forgive,"용서하다,눈감아주다"
deserve,"…할만하다,…할가치가있다"
correspond,일치하다
explore,탐험하다
recollect,"생각해내다,명상에잠기다"
fascinate,매혹하다
stir,"휘젓다,옮기다,자극하다,교도소"
exploit,"공훈,개척하다,착취하다"
contradict,"부정하다,반박하다,모순되다"
develop,"발달시키다,계발하다,전개하다,붙이다,밝히다,발병시키다,일으키다,전개하다,진화시키다"
approach,"…에다가가다,이야기를꺼내다,알랑거리다,접근하다"
emancipate,"해방하다,해방하다,끊다"
classify,"분류하다,기밀취급하다"
represent,"나타내다,대표하다"
reduce,"줄이다,축소하다"
wither,"시들다,시들어죽다,사라져가다,말라죽게하다"
astonish,놀라게하다
commit,"위탁하다,수용하다,위원회에회부하다"
claim,"요구하다,…을가진것을자랑하다,가치가있다,권리를주장하다"
seclude,"…에서떼어놓다,…에틀어박히다"
appoint,지명하다
animate,"…에생명을불어넣다,격려하다"
apply,"대다,가하다,켜다,바르다,충당하다,적용하다,전념하다"
disappoint,"실망시키다,실망하다"
trespass,"침입하다,침해하다,불법침해소송"
decide,"결심[결의]하다,결정하다,해결하다,"
afford,…할수있다
compete,"경쟁하다,참가하다"
perceive,"지각하다,깨닫다"
enchant,"요술을걸다,호리다"
consider,"잘생각하다,고찰하다,…할것을생각하다,…으로보다,존경받다"
transform,"변형시키다,변환하다"
amaze,몹시놀라게하다
expose,드러내다
penetrate,"…에꽂히다,통과하다,잠입하다,침투하다"
extend,"뻗다,치다,늘이다,확대해석하다,나타내다,보내다"
reside,"거주하다,주재하다"
confine,"한정하다,범위,한계"
exhibit,"전시하다,과시하다,전시하다,전람회"
extract,"뽑다,얻다,달여낸즙"
imply,"포함하다,…을뜻하다"
determine,"결심시키다,측정하다,한정하다,위치를결정하다,판결하다,결심하다"
indicate,"가리키다,표시하다,간단히말하다"
confront,직면하다
pierce,"꿰뚫다,관통하다,깊이감동시키다,뚫고들어가다"
dread,"무서워하다,꺼리다,우려하다,불안,우려"
foster,"육성하다,수양부모에게맡기다,돌보다,사랑하여아끼다"
cease,"그치다,그만두다,잔잔해지다"
convey,"나르다,전하다,옮기다"
rescue,"구출하다,해방하다,탈주시키다"
dismiss,"해산시키다,퇴거시키다,잊어버리다,각하하다"
disturb,"방해하다,…에게폐를끼치다,휘저어놓다,방해하다"
incline,"내키게하다,…으로향하게하다,기울이다,몸을기울이다"
languish,"기운이없어지다,동경하다,초췌해지다,풀죽다"
illustrate,설명하다
excel,vt.능가하다
mold,"틀,형판,제리틀,꼴,인체,전형,선례"
taint,"더러움,부패,폐해,상처,감염시키다,타락하다"
discharge,"짐을부리다,내리다,쏟다,내다,제대시키다,놓아주다,해고하다"
exceed,넘다
usher,"안내인,신랑의들러리,정리"
owe,"빚지고있다,나타낼의무가있다"
heed,…에주의하다
resemble,…을닮다
compose,"조립하다,조직하다,작곡하다,가라앉히다,가다듬다"
refrain,"후렴,그만두다"
relax,"늦추다,…의힘을빼다,나른해지다"
subscribe,"기부할것을약속하다,청약하다"
interfere,"방해하다,충돌하다"
share,"몫,할당,진력,주권,지분,주식,시장점유율,할당하다,가랫날,보습"
injure,"상처를입히다,손해를주다,화나게하다"
depend,의존하다
disperse,"흩뜨리다,패주시키다,해산시키다,흩어없어지게하다,분산배치하다,살포하다,분산시키다"
remove,"치우다,벗다,제거하다,해임하다"
realize,실감하다
cultivate,"경작하다,사이갈이하다,양식하다,교화하다,장려하다,닦다"
sum,"총계,총액,요점,계산"
throng,"군중,사람의떼,떼지어이동하다,모여들게하다"
scatter,"흩뿌리다,낭비하다,탕진하다,흩날려버리다,무산하다,안타를산발로처리하다,사라지다"
modify,"변경하다,umlaut에의해변화시키다,한정하다,변경하다"
intoxicate,취하게하다
offend,"성나게하다,해치다"
associate,"연상하다,결합시키다,협동하다,회합하다"
behold,보다
mingle,"섞다,교제하다,참가하다"
venture,"모험,모험적행위,투기의대상,위험,내걸다,대담하게도…하다"
invert,"거꾸로하다,전화시키다,성도착자"
collect,"모으다,모집하다,정기적으로받다,손에넣다,불러일으키다,마음을가다듬다,본기도"
complain,"불평하다,고발하다"
spoil,"망치다,썩히다,응석받다,만족하지못하게하다,부패하다"
mock,"조롱하다,흉내내다,헛되게만들다,조롱감"
recall,"상기하다,연상시키다,해임하다,취소하다,회상력"
reproduce,"재생하다,재연하다,복사하다,그리다,전재하다"
assemble,"모으다,모아정리하다,조립하여만들다,조립되다"
retreat,"퇴각,퇴각신호,귀영의나팔,은거처,후퇴하다"
punish,"벌하다,혹사하다"
settle,"놓다,자리잡게하다,안정시키다,가라앉히다,등이높은긴의자"
conceive,"상상하다,생각하다,품다,생각해내다,창설하다,이해하다"
disclose,"드러내다,폭로하다,털어놓다"
repair,"가다,의지하고가다,자주가는곳,수선하다,치료하다,수선작업,손질이잘된상태,보상"
repeat,"되풀이하다,다시경험하다,되풀이하여말하다,입안에뒷맛이남다"
degrade,"지위를낮추다,면목을잃게하다,붕괴시키다,변쇠시키다,위계를잃다"
amuse,"재미있게하다,즐기다"
obtain,"얻다,획득하다"
inform,"모양이없는,알리다,계발하다"
curse,"저주하다,불경한말을하다,불경한말을하다"
provide,"대주다,…을장치하다,성직자로지명하다"
refresh,"상쾌하게하다,충전하다,새로이공급하다"
manage,"이럭저럭해내다,어리석게도…하다,간신히…하다,감독하다,잘해가다,부리다,먹다"
confess,"자백하다,고해를듣다,인정하다,고해를듣다"
demonstrate,논증하다
stoop,"웅크리다,구부정하게서다,굴복하다,현관입구의층층대"
profess,"공언하다,…의교수가되다"
fade,"바래다,사라지다,나빠지다,시들다,쇠퇴하다,희미해지다,차츰안보이게되다,사라지다"
manufacture,"제조,생산,형성,제조업"
appeal,"애원하다,항의하다"
contend,"싸우다,다투다"
publish,"발표하다,표시하다"
interpret,"해석하다,해몽하다,설명하다"
entitle,"…의칭호를주다,표제를붙이다"
disregard,무시하다
ascribe,"…에돌리다,…의탓으로돌리다,의것으로하다"
astound,몹시놀라게하다
protect,보호하다
accommodate,"숙박시키다,수용하다,편의를도모하다"
progress,"전진,진보,진행되다,이동하다"
overtake,"따라잡다,추월하다,능가하다,…의마음을뺏다"
assist,"거들다,조장하다,도움이되다,어시스트를하다,보살,어시스트"
advocate,"옹호하다,주장하다"
attempt,"시도하다,등정을꾀하다,유혹하다"
partake,"참여하다,한몫끼다,함께하다"
greet,"울다,…에게인사하다,환영하다,…에게인사장을보내다"
suggest,암시하다
waste,"낭비하다,쇠약하게만들다,저하시키다,낭비되다,쇠약"
dissolve,"용해하다,분해하다,무효로하다,종료시키다,녹아서되다,녹듯이사라지다"
oblige,"…에게강요하다,…에게어쩔수없이…하게하다,빌려주다,고맙게여기게하다"
decline,"거절하다,종말에가까워지다,감퇴하다,팍숙이다"
accustom,익히다
defeat,쳐부수다
tempt,"유혹하다,돋우다,위험을무릅쓰다"
exempt,"면제하다,없애주다,면세자"
induce,"권유하다,설득하여…시키다,유도하다,인공적으로출산시키다"
oppress,"압박하다,심하게차별하다,우울하게만들다,진압하다"
acquaint,익히알게하다
impoverish,"가난하게하다,잃게하다"
resent,분개하다
abuse,"남용,강간"
bother,"괴롭히다,귀찮게조르다,소란,귀찮은사람"
shrink,"오그라들다,주름이잡히다,겁내다,줄어들게하다,찌푸리다"
compel,억지로…시키다
deliver,"배달하다,정식으로교부하다,분출시키다,던지다"
register,"등록부,명부,표,음전,스톱의손잡이,선적증명서"
coincide,"동시에일어나다,부합하다,의견을같이하다"
complicate,"복잡하게하다,이해하기어렵게하다,복잡한"
discern,"식별하다,발견하다"
dispute,"논쟁하다,논박하다"
remark,"…에주의하다,논평하다,감지하다"
supplement,"추가,보족하다,보유를달다"
debate,논쟁하다
humiliate,굴욕감을느끼게하다
explode,"폭발하다,논파하다"
narrate,"이야기하다,이야기하다"
administer,"관리하다,시행하다,주다,주다,공헌하다"
haunt,자주가다
dispense,"분배하다,시행하다,투여하다,면제하다,특면하다"
differ,다르다
eliminate,"제거하다,탈락시키다,소거하다"
dwell,"살다,규칙적인휴지"
assume,"사실이라고보다,당연한일로치다,추정하다,쥐다,띠다,사용하다"
apprehend,체포하다
capture,"붙잡다,포획하다,생포하다,점령하다,포착하다,점령,상품"
rear,"기르다,부양하다,재배하다,길들이다,뒤"
stare,응시하다
confer,"수여하다,비교하라"
discard,"버리다,폐기,버려진사람,버린패"
negotiate,"협상하다,뛰어넘다,뚫고나가다"
anticipate,"예기하다,기대하다,미리걱정하다,앞서다"
contrive,"고안하다,설계하다,획책하다"
consent,"동의하다,일치,찬성,조화"
defy,"무시하다,공공연히반항하다"
beware,조심하다
summon,"소환하다,출두를명하다"
thrive,"번영하다,성공하다,무성해지다"
subdue,"정복하다,압도하다,개간하다"
bloom,"꽃,한창,건강색,신선미,청순함,한창이다,괴철"
discriminate,"구별하다,…의차이를나타내다,차별적인"
sustain,"떠받치다,경험하다,맡다,기르다"
enforce,실시하다
transact,"집행하다,처리하다,거래하다"
support,"받치다,지탱하다"
cling,"달라붙다,착달라붙다,껴안다,달라붙다,접근을유지하다,따라서나아가다"
entrust,"맡기다,맡기다"
adhere,들러붙다
transmit,"부치다,보내다,투과시키다,전동하다,보내다,방송하다"
infect,"병독을퍼뜨리다,오염시키다,물들이다,범죄에관여시키다"
wrap,"싸다,실크천으로싸다,보호하다,다쓰다,요약하다,덮개"
inflict,"주다,괴롭히다"
undergo,받다
withstand,"저항하다,견디다"
withhold,"억누르다,주지않고두다"
adorn,꾸미다
accumulate,"모으다,쌓아올리다"
lurk,"숨다,숨어기다리다,잠복하다,밀행,사기,매복지,계획"
provoke,"화나게하다,약올리다,야기하다,선동하다"
trim,"다듬다,트림하다,잘라내다,화물창에싣다"
rebuke,비난하다
confirm,"굳게하다,굳게하다,추인하다"
conform,"따르게하다,맞게하다"
aspire,"열망하다,동경하다"
detach,"떼다,분리하다"
rebel,"반역자,남부백인,반대하다,반감을가지다"
repel,"쫓아버리다,물리치다,억제하다,튀기다,튀기다"
annihilate,"전멸시키다,무시하다,소멸시키다"
allude,암시하다
sting,"찌르다,얼얼하게하다,쿡쿡쑤시게하다,상하게하다,속여빼앗다"
allure,"꾀다,후리어들이다"
replace,제자리에놓다
console,"콘솔,조작탁자,관제용계기반,제어장치,콘솔,위로하다"
surmount,"오르다,타고넘다"
treat,"대우하다,향응하다"
swell,"부풀다,부어오르다,부풀다,붇다,밀려오다,파도치다,솟다,화내다"
sneer,"비웃다,비꼬다"
befall,vt.…에게일어나다
subside,"가라앉다,빠지다,침묵하다,가라앉다"
seize,"잡다,이용하다"
implore,간청하다
abandon,"버리다,하는대로내맡기다,자유분방,방종,자포자기"
deal,"나누어주다,…에종사하다,전나무널빤지"
steer,"수송아지,거세한황소,…의키를잡다,돌리다,키를잡다,야바위꾼이되다"
depress,"낙담시키다,낮추다,하락시키다"
inhabit,"…에살다,존재하다"
grant,"주다,수여,교부,증서"
muse,명상하다
attract,"끌어당기다,유인하다,얻다,매력이있다"
introduce,"소개하다,만나게해주다,들여오다,처음으로수입하다,채용하다,공식적으로소개하다,제출하다"
portray,"그리다,초상을그리다"
guarantee,"보증,보증서"
regulate,규제하다
presume,"가정하다,상상하다"
resume,"다시시작하다,대략"
lure,"매혹물,매혹,가짜미끼,함정"
award,"수여하다,…에게인정하다,재정,재정액"
multiply,"증가시키다,늘리다,곱셈기,다양하게"
spare,용서하다
grudge,"주기싫어하다,…하기싫어하다"
stroll,"한가로이거닐다,쉬운일"
execute,"실행하다,연기하다,연주하다,이행하다,양도하다"
imprison,교도소에넣다
proceed,"나아가다,옮아가다,고소하다"
recede,"반환하다,물러가다,멀어지다,떨어지다,거두다,내려오다"
ponder,"숙고하다,심사하다"
scratch,"할퀴다,슬근슬근긁다,말소하다,취소하다"
compare,비교하다
embrace,"포옹하다,껴안다,매수하다"
reckon,"세다,총계하다,합계…이되다,「수를세다」의뜻으로는count쪽이일반적"
throb,"고동치다,진동하다,진동하다"
suppress,억압하다
preoccupy,선취하다
salute,"경례하다,예포를쏘다,경례하다"
revise,교정하다
lessen,"적게하다,헐뜯다"
beguile,"속이다,현혹시키다,속여서…하게하다,보내다"
bid,"명령하다,선언하는차례,bisindie,broughtindead"
reap,"베어내다,작물을수확하다,올리다,보답을받다"
concede,"인정하다,승인하다,용인하다,패배를인정하다"
lade,"싣다,괴롭히다,떠내다"
deplore,"비탄하다,몹시한탄하다,비난하다"
precede,"앞서다,먼저일어나다,앞장서다,…의앞에두다,상위에위치하다"
banish,"추방하다,떨쳐버리다"
stifle,"…의숨을막다,숨막히게하다,억압하다,진압하다,억눌러없애다,들리지않게하다,질식하다,뒷무릎관절,무릎관절"
abound,"많이있다,가득하다,잘공급된다"
deposit,"두다,기탁하다,예금되다,보증금으로치르다,쌓이다"
retain,계속유지하다
sob,"흐느껴울다,쉭쉭소리내다,1파운드"
withdraw,"빼다,철수시키다,인출하다"
reprove,"꾸짖다,나무라다"
ally,"동맹시키다,동맹자,연합국"
renounce,"포기하다,그만두다,선서하고버리다,단념하다,…을부인하다,포기하다"
allot,"할당하다,가져다대다,지정하다"
assign,"할당하다,명하다,…으로하다,들다"
vow,"맹세,서원,헌신하다"
vouch,"보증하다,보증인이되다,단언하다,옳다고단언하다,증인을내세워변호하다"
carve,"베다,베어나누다,새겨서만들다,새겨넣다,쌓아올리다,조각하다"
verify,"증명하다,조회하다,확인하다"
ordain,"정하다,규정하다,명하다,임명하다,성직을주다"
avenge,복수를하다
confound,혼동하다
beckon,"손짓으로부르다,신호하다,끄덕임"
collapse,"무너지다,결렬되다,폭락하다,극도로쇠약해지다,허탈하다,좌절시키다"
mar,"흠가게하다,훼손하다,망쳐놓다,고장"
kneel,무릎꿇다
pant,"헐떡거리다,심장이마구뛰다,바지의"
warrant,"정당한이유,권능,위임장,면허장,창고증권,지불명령서,준위임명사령장,장담하다"
kindle,"낳다,불붙이다,자극하다"
uphold,"지지하다,유지하다"
disdain,"경멸하다,거드름"
prescribe,"규정하다,명령하다"
accompany,"동반하다,동시에일어나다"
abide,머물다
divide,"나누다,할당하다,가르다,격리하다,사이를갈라놓다"
paralyze,"마비시키다,쓸모없게만들다,무효케하다"
contain,"담고있다,함유하다,…와같다,나누어지다,봉쇄정책을쓰다,저지하다"
endow,"재산을증여하다,…의기금으로기부하다"
guard,"지키다,보호하다"
crash,"와르르,굉음,충돌,파괴,굉장한소리를내다,거친아마포"
burst,"파열하다,폭발하다,피어나다,홱열리다"
worry,"걱정시키다,물고흔들다,마음을졸이다"
military,"A군의,군인다운,군,육군장교"
trustworthy,신뢰할수있는
delicious,"맛좋은,향기로운"
manifest,"명백한,의식에나타난,표명하다,나타나다"
gradual,점차적인
voluntary,"자발적인,임의의,지원의,그악곡,즉흥곡"
stately,위풍당당한
proficient,익숙한
tropical,열대의
superfluous,"여분의,남아도는,부적절한"
eminent,"높은,저명한,훌륭한"
contrary,"반대의,P…에반하는"
feudal,영지의
fertile,"기름진,풍작을가져오는,풍부한,수정한"
intimate,"암시하다,친밀한,아늑한,상세한"
primary,"첫째의,최초의,원시적인,발달의제1단계에있는,1차의"
enormous,거대한
disinterested,"사심없는,이해관계없는"
magnificent,장려한
similar,"비슷한,닮은"
tranquil,조용한
commonplace,평범한일
artificial,"인조의,인공적인,조화,인조비료"
wretched,"비참한,불행한"
sovereign,"주권자,탁월한"
staple,"∪자못,주요산물,중요상품,짧은섬유,표준"
vital,"생명의,중추부"
moderate,"절제있는,보통의,알맞은,잔잔해지다"
casual,"우연의,태평한,변덕스러운"
stable,"마구간,동일회사에서생산된제품,안정된,견실한,안정성의"
royal,"왕의,왕실의,칙허의,왕권밑에있는,왕립의,멋진"
tiny,"작은,유아,하급생"
sufficient,충분한
tidy,"단정한,깨끗함을좋아하는,정연한,꽤좋은,만족스러운,기량이좋은,몸의상태가좋은"
acute,"격렬한,심한"
subjective,"주관의,상상의,개성적인"
ripe,"익은,난숙한,준비가다된,술취한"
arctic,"북극의,북극해"
parallel,"평행의,같은방향의,같은종류의,평행의,병렬의,유사점"
brief,"잠시의,단명한,짧은보고,짧은기사,소송사건"
slight,"근소한,가벼운,취약한,모욕하다"
inevitable,"피할수없는,필연적인"
perpetual,"영속하는,항상유효한,그칠사이없는,다년생식물"
reckless,앞뒤를가리지않는
vast,광대한
immense,거대한
tremendous,"거대한,중대한"
innocent,"순진한,사람좋은,단순한,죄없는,악성이아닌,알아채지못하는"
divine,"신의,신성의,신이준,종교적인,신에게바친,아주훌륭한"
tedious,지루한
domestic,"가정의,자국의,집에서짠천"
huge,"거대한,막대한"
colloquial,"구어의,무교육자의말과는다름."
vacant,"빈,없는,멍한"
reluctant,"마음내키지않는,마지못해하는"
sceptical,회의적인
awkward,"어색한,서투른,때가좋지않은,어색한,위험한"
scanty,"부족한,빈약한"
inherent,고유의
extravagant,"낭비하는,터무니없는"
aware,P알아차리고
ignoble,저열한
shy,"vt.던지다,내던지다,겨냥,기회,수줍은,꺼리는"
frank,"솔직한,무료송달우편물"
spontaneous,"자발적인,특발의"
visible,눈에보이는
inferior,"하위의,아래쪽의,하등의,지평선아래의"
ashamed,부끄러워
capable,"유능한,가능한,수용할수있는"
keen,"날카로운,강렬한,빈틈없는,섬세하게인식하는,열중한,열망하는,장례식노래,통곡,울며슬퍼함"
exact,"정확한,가차없이거두다"
utmost,최대의
dumb,"말못하는,벙어리와다름없는,무언의,말로표현할수없는"
fierce,"사나운,거센,치열한"
faint,"희미한,내키지않는"
affirmative,"긍정의,긍정"
guilty,…의죄를범한
firm,"굳은,안정된,충분한,상회"
diverse,"다른종류의,여러가지의"
plain,"한탄하다,푸념하다,명백한,쉬운,조야한,예쁘지않은"
stupid,"어리석은,화나게하는"
fatal,"치명적인,파멸적인,중대한"
fluent,"유창하게말하는,유연한"
tolerable,참을수있는
mechanical,"기계의,기계로만든,도구를다룰줄아는"
elastic,"탄력있는,휘기쉬운,활달한,융통성이있는,고무줄이든천"
upright,"똑바로선,똑바른,공정한"
permanent,"영속하는,내구의,종신의,변색하지않는"
hideous,"끔찍한,흉측한"
uniform,"한결같은,균일한,일정한운동복"
ardent,"불타는듯한,열렬한"
liable,"책임져야할,납입할의무가있는,처해져야할,여지가있는"
discreet,"사려있는,신중한,예의바른,조심스러운"
informal,"형식을따지지않는,평상복의"
daring,"모험적인기상,대담성,참신함,앞뒤를헤아리지않는,혁신적인"
frugal,절약하는
aggressive,"침략적인,억척스러운"
invalid,"타당하지않은,병약한,환자용의,지체부자유자,병자로취급하다"
actual,현실의
holy,"신성한,신께바치는,성자의,지순한,종교상의"
sensitive,"민감한,과민한,상하기쉬운,요주의의"
periodical,정기간행의
human,"인간의,인간으로이루어지는,인간과같은,인간적인,인간에게흔히있는"
numerous,다수의
rapid,"빠른,서두르는"
inborn,"타고난,유전성의"
vain,"헛된,뽐내는,공허한"
obvious,명백한
idealistic,이상주의의
undaunted,겁내지않는
indifferent,무관심한
timely,"때에알맞은,시기에알맞은"
prompt,"즉석의,즉시…하는,즉시불의,시간을지키는,촉구하다"
clumsy,"꼴사나운,서투른"
imperial,"제국의,최고권력을가진,거만한,제정러시아의금화"
atomic,"원자의,원자폭탄의,막대한"
intent,"집중된,P열중하여,의지,목적"
private,"사적인,사용의,개인의,친전의"
positive,"명확한,결정적인,명문화된,독단적인"
lofty,"매우높은,거만한"
mental,"턱의,마음의,머리가돈"
official,"공무원,임원"
humble,"겸손한,소박한,얼마안되는,하찮게보다,천하게하다"
harsh,"거친,잔인한"
loyal,충성스러운
pathetic,감상적인
liberal,"자유주의의,활동의자유를인정하는,인색하지않은"
perpendicular,"수직의,P직각을이룬,수직면,수직측정기"
technical,"기술의,좋은기량을갖춘,엄밀한법해석에의한"
medieval,중세의
prime,"준비시키다,휘발유를주입하다,제1의,수위의,근본의,훌륭한"
gloomy,어두운
partial,"일부분의,불완전한"
stout,"뚱뚱한,단호한,비만형의의복"
civil,"시민의,집단활동을하는,속인의,국내의,정치가조직화된,문명화된"
exquisite,"아주아름다운,더없이훌륭한,우아한"
local,"공간의,지방프로"
principal,"주요한,중요한,제일의,장,장관,사장,교장,결투의장본인"
sinister,"불길한,재앙이되는,왼쪽의"
previous,A앞의
prone,경향이있는
silly,"어리석은,바보같은"
reverse,"역,반전,뒷면,왼쪽페이지,후진,역전장치,역전,역회전"
slender,"호리호리한,가냘픈,빈약한"
strenuous,"분투적인,격렬한,정력적인"
futile,"헛된,쓸데없는,무익한"
raw,"날것의,덜익은,다루지않은,물타지않은,무두질되지않은,포장되지않은"
wicked,"심술궂은,버릇이나쁜,당치않은,심한,매우귀찮은"
sheer,"침로에서빗나가다,방향을바꾸다,…의방향을바꾸게하다,닻하나로정박한배의위치,진로를바꾸는일,얇은,물을타지않은,정면으로"
relative,"친척,상대적의미를가진말,상대적존재,상대적인"
hardy,"단련된,뻔뻔스러운,무모한"
solid,"고체의,고체에관한,속까지단단한,실속있는,튼튼한"
rural,시골의
sly,"교활한,불법의"
sober,"술취하지않은,근실한,진실한"
stiff,"뻣뻣한,강력한,부자연스러운,맹렬한,팽팽한,엄청난"
tame,"길든,두려워하지않는,무기력한"
destitute,"P결핍한,가난한사람들"
tough,"질긴,끈기있는,차진,꺾어지지않는,불굴의,완고한,터프한"
steady,"확고한,흔들리지않는,떨지않는,불변의,절제있는"
innumerable,셀수없이많은
steadfast,고정된
drastic,"격렬한,철저한"
vertical,"수직의,수직의위치"
selfish,이기적인
vile,"비열한,하등의,혐오감을주는,불결한,졸렬한,꼴불견의"
alert,"방심하지않는,경계,경계태세,경계경보기간,경고,주의하다,경계시키다"
figurative,비유적인
appropriate,사용에쓰다
indebted,"부채가있는,신세를진"
approximate,"가까워지다,비슷해지다,…와비슷하다"
flexible,구부리기쉬운
smart,"눈치빠른,재치있는,조숙한,건방진"
gallant,용감한
haughty,오만한
astray,"길을잃고,못된길에빠져"
consistent,일관된
compulsory,"강제적인,의무적인,필수의"
ingenious,재간있는
naughty,"개구쟁이의,외설적인"
notable,"주목할만한,유명한,중요한,유명한것,명사의원"
potent,"강력한,영향을미치는,중요한"
dismal,"음침한,우울한,무시무시한,음산한것,소택지"
eccentric,"별난,편심궤도를그리며이동하는"
predominant,"우세한,탁월한,주권을가진,널리퍼진"
serene,"고요한,맑게갠,조용한,평온한바다"
sanitary,A위생의
petty,"작은,보잘것없는,비열한"
simultaneous,동시에일어나는
prominent,"현저한,중요한"
steep,"가파른,심하게힘든,낭떠러지,적시다,함빡젖게하다,깊이배어들게하다,열중시키다,완전히빠지다,…에넘쳐흐르다"
prodigal,"낭비하는,방탕한,아낌없는,방탕한자식,금치산자"
prudent,"신중한,분별있는"
sullen,"부루퉁한,기분이언짢은,가라앉은,완만한"
righteous,"바른,정직한,굉장한"
sterile,"불모의,흉작의,단종한,미생물이없는,열매를맺지않는,박력없는,독창성없는"
transient,"덧없는,뜨내기노동자"
rigid,"단단한,고정된,경식의,엄밀한"
senior,"손위의,고급의,수석의,고로"
quaint,"기묘한,기인"
sagacious,"현명한,기민한"
plausible,그럴듯한
potential,가능한
unprecedented,"전례가없는,새로운"
robust,강건한
ample,충분한
akin,"혈족의,유사한,동족의"
cordial,"마음에서우러난,강심성의,과일주스에물·설탕을탄음료"
coarse,"조잡한,굵은,귀에거슬리는,상스러운,정련되지않은"
vehement,격렬한
venerable,"존경할만한,존귀한,가경자"
compatible,"P양립할수있는,화목하게지낼수있는,호환성이있는"
weary,"피곤한,지루한,없음을매우서운히여기다"
complacent,"마음에흡족한,무관심한"
whimsical,변덕스러운
corrupt,"타락한,틀린곳이많은,오류가있는,썩은"
wholesome,"건전한,안전한"
credulous,"잘믿는,속기쉬운"
abrupt,"갑작스러운,급한"
devoid,결여된
alien,"외국의,외국인의,외래의,반대의,이종의,거류외국인,따돌림당하는자,외계인,귀화식물"
capricious,변덕스러운
shabby,"초라한,보잘것없는,인색한"
dreary,"적적한,황량한"
outstanding,"눈에띄는,저명한"
erroneous,"잘못된,정도를벗어난"
pensive,생각에잠긴
forlorn,"버림받은,빼앗긴"
gorgeous,"호화스러운,아주재미있는"
impudent,"뻔뻔스러운,경솔한,무례한"
pertinent,"적절한,속하는"
frivolous,"천박한,어리석은"
genial,"턱의,정다운"
insolent,건방진
indolent,"게으른,무활동의,진행이더딘"
ruthless,"무자비한,냉혹한"
incessant,끊임없는
myriad,"무수,막대한,무수한면을가진,1만의"
legitimate,합법적인
wistful,"탐내는,그리워하는"
air,"공기,아리아,공군,라디오"
art,"예술,미술,예술작품,삽화,직업,동업자의조직,교양과목,숙련,작위,be의제2인칭단수직설법현재형"
promise,"약속,주기로약속하다,…할듯하다,작정하다"
sentence,"문장,형에처하다"
scale,"비늘,인편,인분,딱지,꼬투리,산화물의조각,이똥,저울눈,잣눈,비례자,장치,계급,척도"
society,"회,지역사회,사회관습,상류사회"
tongue,"혀,치설,말하는능력,지껄임,말주변,외국어,방언,혀"
turn,"돌리다,틀다,켜다,켜다,측면을우회하다,…의의표를찌르다,무디게하다"
regard,"…으로여기다,존중하다,존경하다,주의하다,눈여겨보다"
nature,"자연,자연계,자연력,창조주,자연물,충동,활력,육체적욕구"
order,"순서,대형,계급,등급,집단"
calling,"천직,점호"
right,"바른,선량한,정당한,정확한,걸맞는,더할나위없는,우익의,직각의"
reason,"이유,분별"
respect,"존경,중요시하다"
sport,"스포츠,웃음거리,플레이보이"
plant,"식물,생육,기계장치,시설,경찰의첩자"
pass,"지나가다,나아가다,건너다,돌려지다,흐르다,실시되다"
passage,"일절,이주,도항권,통행허가,수로,복도,관,여행의권리,승차권,비스듬히옆걸음치며가다"
gift,"선물,증여권,아주간단한일"
image,"상,관념"
world,"세계,천체,인류,이승,세태"
state,"상태,긴장상태,위기,높은지위,국토,주"
notice,"통지,고지,성적불량의통지,인지,흥미,호의,경의,비평"
part,"부분,일부,대사"
party,"파티,부대,당파심,문제의인물"
press,"내리누르다,꽉껴안다,손을꽉쥐다,조르다,강제징집하다,징발하다,강제모집"
reach,"…에도착하다,…에달하다,총…가되다,…을잡다"
debt,빚
case,"경우,사실,문제,케이스,대상,소송사건,문제,변호의뢰인,조숙한아이,상자,집,주머니,겉포장,테,덮개,한조,싸다,화장판으로마무리하다"
event,"사건,대사건"
end,"끝,마지막,끝나는곳,막다른곳,첨단,결미,멸망,최후,죽음의원인"
everything,무엇이든지
somebody,어떤사람
nobody,"아무도…않다,무명인"
article,"기사,한개,계약,도제계약"
match,"성냥,어울리는사람,배우자,짝,대등한사람,결연"
hand,"손,앞발,손,집게발,송이,손표,바늘,고용인,선원,특수한수완을가진사람"
might,"…할지도모르다,힘,완력,우세"
life,"생명,수명,인생,일생,유효기간"
lot,"제비,제비뽑기,추첨,몫,토지의한구획"
chance,"기회,승산,가망,형세,운,우연히생긴일"
leave,"허가,잎을내다"
fast,"단식하다,금식하다,금식,정진,단식일,단식기간,재일,빠른,빨리되는,속구를던지는"
fancy,"공상,심상,변덕,추측,심미안"
game,"상처입은,놀이,게임,게임,경기회,운동경기,경기대회"
ground,"지면,해저,얕은바다,입장,GRIND의과거·과거분사"
want,"원하다,찾다,지명수배하다"
line,"교미하다,끈,전선,전화선,전화,묘선,선,선,선체선도,솔기,주름살,손금,라인,한절,행"
letter,"세준사람,편지,자체,교양,학문의초보,문필업,써넣다"
will,"의지,의향,명령,유언장,…할것이다"
day,"하루,특정일,그시대,현대,일생"
ball,"무도회,공,야구,용기"
duty,"의무,의리,군무,종무,부과금"
cause,"원인,근거,운동,대의,결정을요하는사항,사유"
school,"떼,학교,교사,도장,수업이있는날,대학원,그건물,대학"
blow,"강타,꽃이피다"
dish,"큰접시,식탁용접시류,한접시,파라볼라안테나"
term,"교제관계,사이,요구액,술어,한계점"
draw,"당기다,끌어당기다,잡아채다,매듭을풀다,따르다,퍼내다,달이다,긋다,묘사하다"
study,"공부,연구"
score,"득점,총득점,회계기록,위치,20파운드"
picture,"그림,영화,영화산업,미관,풍경,광경,화면,심상"
break,"깨다,쪼개다,둘로꺾다,꺾다,…의관절을삐게하다,상처나게하다"
quarter,"4분의1,1분기,3개월마다의지불,1/4마일,1/4마일경쟁,쿼터"
race,"인종,인류,민족,국민,가계,명문출신,자손,특징,독특한맛,신랄함,생강의뿌리"
spell,"주문,마력,호리다,철자하다,…을의미하다"
field,"들판,건조장,현장,문지,계,필드"
exercise,"운동,체조,습작,교련,행사,실행"
train,"열차,차량1대는car"
note,"기록,각서,원고,통고서,각서,키"
drink,"마시다,흡수하다,…에정신이팔리다,깊이들이마시다"
mine,"나의것,나의가족,광산,탄갱,탄광,지뢰,수뢰,땅굴을파다,지뢰로폭파하다"
side,"쪽,편,팀,관찰면,면,강가"
toll,"울리다,종을울려보내다,유혹하다,종을치다,종으로알리다,종소리,사용세,사상자수,장거리전화"
safe,"안전한,확실히…하는,확실한,괜찮은"
dawn,"새벽,나타나기시작하다"
store,"가게,식료품점,잡화점,저장용의"
succession,"연속,계승권,왕위계승권,상속자들"
stand,"서다,세워져있다"
fix,"고착시키다,명확하게하다,새겨두다,정하다,확정하다,있게하다,정하다"
better,…보다나은
meet,"적당한,만나다,보이다,만나다,…에연락하다"
observe,"알다,간취하다,깨닫다,인정하다,주시하다,관측하다"
consult,"의견을묻다,보이다,보다"
head,"머리,우유표면에뜨는크림"
practice,"습관,실지,경험,실용서,사건의뢰인,상투수단"
sell,"팔다,팔다"
start,"출발하다,일어나다"
raise,"올리다,높이치켜들다,일으키다,올리다,세우다,끌어올리다,높이다,기립하다,지르다"
help,"돕다,거들다,촉진하다,…하는것은어쩔수없다"
object,"물건,물건"
count,"백작★comte,세다,산출하다,세다,가치가있다,포함되다"
matter,",명제의본질,원고,중요한일"
cost,"운임보험료포함가격,비용,들게하다,주다"
tell,"고대건축의잔존물이누적되어생기는언덕,말하다"
miss,"…양,놓치다,…에닿지못하다,만나지못하다,듣지못하다,이해하지못하다,지키지못하다,결석하다"
read,"READ의과거·과거분사,읽다,음독하다,판독하다,교정하다"
run,"달리다,급히가다,돌진하다,땅바닥으로뻗다,활주하다,잠깐다녀오다,…에돌진하다"
spring,"튀다,벌떡일어서다"
master,"주인,지배자,선장,고용주,소유주,임자,가장,교장,대가"
mean,"평균의,보통의,중등,의미하다,…의뜻으로말하다,예정하다,…의전조이다"
strike,"치다,때리다,떨어져서…에맞다"
move,"움직이다,뒤흔들다,감동시켜…시키다"
become,…이되다
land,뭍
cover,"덮다,뚜껑을덮다,싸다,감싸다"
fall,"떨어지다,빠지다,흐르다,벗겨지다"
gain,"얻다,얻다,회복하다,이익보다,자기편으로끌어들이다,달성하다,앞서다,홈,장붓구멍"
sound,"해협,소리,음성,사운드"
till,"표석점토,갈다,연구하다"
sort,"종류,품질,종류의것,여자친구,가려내다,배달구별로나누다"
lose,"잃다,상실하다,잃다,길을잃다,모습이보이지않게되다"
steal,"훔치다,어느새지나가다"
say,"말하다,말로나타내다,말하다,…이라고말하다"
own,"자기자신의,고유한,자신의독특한것"
tax,세
stick,"찌르다,관통시키다,찔러죽이다,주사를놓다,고정시키다,막대기,벌,압력,혹평,성냥개비,전신주,전신기사가쓰는연필,촛대"
shoot,"쏘다,내던지다,내버리다,뻗치다,손목쪽으로잡아당기다,내밀다,던지다,내뿜다,이런"
lead,"납,연제품,함석지붕,납틀,흑연,연필심,인도하다,데리고가다,…에서첫째이다"
occur,"일어나다,…에존재하다,출현하다"
date,"날짜,금일,기일,날짜를매기다,대추야자"
touch,"…에대다,건드리다,…의대다,촉진하다,치다"
answer,"대답,응보,변명,받다"
fail,"실패하다,낙제하다,이루지못하다,꼭…하다,흉작이되다,시들다"
hold,"배의짐칸,화물실,들다,받치다,대고있다,안다,수용하다,함유하다,보관하다,점유하다,가지고있다,막다"
make,"만들다,이루다,창조하다,창작하다,작성하다,제정하다"
remain,"…대로이다,잔해"
bear,"지탱하다,낳다,…할필요가있다,몰다,처신하다,곰,곰비슷한동물,추녀"
follow,"…의뒤를잇다,…의뒤에일어나다,수행하다,따르다,보고따르다"
rest,"휴식,수면,안심,평온,무덤,휴지,중간휴지,조준대,큐걸이,발판,창받침"
prize,"상,상품으로서얻은,포획물,나포선,포획한재산"
narrow,"폭이좁은,가는,협의의"
good,"좋은,우의"
engaging,남의마음을끄는
minute,"분,잠깐,의사록,미소한,정밀한,세심한"
bright,"빛나는,밝은,재치있는,좋은,명랑한,유망한,명백한"
happy,"행복한,즐거운,만족한"
choice,"선택,선정,선택의기회,두가지중한쪽,특선품,멋진"
pretty,"예쁜,예쁘장한,기분좋은"
short,"짧은,약한,단축한,성미가팔팔한"
net,"그물,계략,그물세공,그물레이스,거미줄,네트워크,에누리없는,순…,정가,네트,이익을올리게하다"
simple,"간단한,수수한,성의있는"
fit,"맞다,적응시키다,맞추다,입혀보다,달다,발작,경련,변덕"
novel,"소설,새로운"
due,"지불기일이된,A정당한,…하기로되어있는"
trying,"견딜수없는,지치는"
lean,"기대다,야윈"
fair,"공정한,온당한,페어의,대단한,철저한,미의,품평회"
fine,"종지,A훌륭한,쾌적한,가는,고운"
single,"A단하나의,독채의,독신의,일편단심의,단식의"
singular,"남다른,기이한,단수의,단칭의,단수형의낱말"
poor,"가난한,보잘것없는,불모의,바람직하지못한,고르지못한,나쁜"
free,"자유스러운,자주의,속박이없는,자유로운,마음대로의"
flat,"평평한,평탄한,얕은,편평한,납작하게쓰러진,플랫,플랫식공동주택"
proof,"증명,입증,증거물,시험소,시험관,논증,검토,검산"
long,"긴,긴컵에담아내는,애타게바라다,열망하다"
last,"계속하다,지속하다,오래가다,구둣골"
very,대단히
well,"만족스럽게,바르게,친하게,충분히,충분히,우물,정,광천,광천지,통풍용세로구멍,용기"
otherwise,"만약그렇지않으면,그렇지않게"
ready,"준비가된,능숙한"
dead,"죽은,말라죽은,자버린,잠잠한,P감각이없는,생기가없는,흐릿한,활발하지않은,김빠진"
subject,"주제,연제,화제,피사체,신하,피지배자"
possibly,아마
barely,간신히
practically,"실지로,사실상,실용적으로"
altogether,"전적으로,전혀"
concerning,…에관하여
presently,이윽고
home,"가정,가정환경,가정생활,본국,고향같은곳,원산지,발상지"
abroad,국외로
but,"그러나,부엌"
over,"…위쪽에,…으로튀어나와"
within,…이내에
above,"…보다위에,…을넘어,위층에"
after,뒤에
save,"…을제외하고는,구하다,모면하게하다,지키다,절약하다,소중히하다"
equal,"같은,서로맞먹는,평등한,평평한,바른,동배"
despite,"…에도불구하고,위해,악의"
